URL Links,Department Initials
https://www.utdallas.edu/fact-sheets/is/ba-american-studies/,is
https://www.utdallas.edu/fact-sheets/is/bs-healthcare-studies/,is
https://www.utdallas.edu/fact-sheets/is/ba-bs-interdisciplinary-studies/,is
https://www.utdallas.edu/fact-sheets/atec/ba-arts-technology-and-emerging-communication/,atec
https://www.utdallas.edu/fact-sheets/bbs/bs-cognitive-science/,bbs
https://www.utdallas.edu/fact-sheets/bbs/bs-child-learning-and-development/,bbs
https://www.utdallas.edu/fact-sheets/jsom/bs-information-technology-and-systems/,jsom
https://www.utdallas.edu/fact-sheets/jsom/bs-global-business/,jsom
https://www.utdallas.edu/fact-sheets/jsom/bs-supply-chain-management/,jsom
https://www.utdallas.edu/fact-sheets/jsom/bs-marketing/,jsom
https://www.utdallas.edu/fact-sheets/jsom/bs-finance/,jsom
https://www.utdallas.edu/fact-sheets/jsom/bs-business-administration/,jsom
https://www.utdallas.edu/fact-sheets/jsom/bs-human-resource-management/,jsom
https://www.utdallas.edu/fact-sheets/jsom/bs-healthcare-management/,jsom
https://www.utdallas.edu/fact-sheets/jsom/bs-accounting/,jsom
https://www.utdallas.edu/fact-sheets/epps/bs-public-policy/,epps
https://www.utdallas.edu/fact-sheets/epps/ba-sociology/,epps
https://www.utdallas.edu/fact-sheets/epps/bs-public-affairs/,epps
https://www.utdallas.edu/fact-sheets/epps/ba-bs-international-political-economy/,epps
https://www.utdallas.edu/fact-sheets/epps/bs-geospatial-information-sciences/,epps
https://www.utdallas.edu/fact-sheets/epps/ba-political-science/,epps
https://www.utdallas.edu/fact-sheets/ah/ba-visual-and-performing-arts/,ah
https://www.utdallas.edu/fact-sheets/ah/ba-philosophy/,ah
https://www.utdallas.edu/fact-sheets/ah/ba-literature/,ah
https://www.utdallas.edu/fact-sheets/ah/ba-history/,ah
https://www.utdallas.edu/fact-sheets/ah/ba-latin-american-studies/,ah
https://www.utdallas.edu/fact-sheets/bbs/bs-speech-language-hearing-sciences/,bbs
https://www.utdallas.edu/fact-sheets/bbs/bs-psychology/,bbs
https://www.utdallas.edu/fact-sheets/bbs/bs-neuroscience/,bbs
https://www.utdallas.edu/fact-sheets/ecs/bs-biomedical-engineering/,ecs
https://www.utdallas.edu/fact-sheets/ecs/bs-computer-science/,ecs
https://www.utdallas.edu/fact-sheets/ecs/bs-electrical-engineering/,ecs
https://www.utdallas.edu/fact-sheets/ecs/bs-mechanical-engineering/,ecs
https://www.utdallas.edu/fact-sheets/ecs/bs-software-engineering/,ecs
https://www.utdallas.edu/fact-sheets/nsm/bs-actuarial-science/,nsm
https://www.utdallas.edu/fact-sheets/nsm/bs-biochemistry/,nsm
https://www.utdallas.edu/fact-sheets/nsm/ba-bs-chemistry/,nsm
https://www.utdallas.edu/fact-sheets/nsm/bs-geosciences/,nsm
https://www.utdallas.edu/fact-sheets/nsm/ba-bs-mathematics/,nsm
https://www.utdallas.edu/fact-sheets/nsm/bs-molecular-biology/,nsm
https://www.utdallas.edu/fact-sheets/nsm/ba-bs-physics/,nsm
https://www.utdallas.edu/fact-sheets/ecs/bs-data-science-ecs/,ecs
https://www.utdallas.edu/fact-sheets/nsm/bs-data-science-nsm/,nsm
https://www.utdallas.edu/fact-sheets/jsom/ms-in-accounting/,jsom
https://www.utdallas.edu/fact-sheets/jsom/ms-in-energy-management/,jsom
https://www.utdallas.edu/fact-sheets/jsom/master-of-science-in-finance/,jsom
https://www.utdallas.edu/fact-sheets/nsm/ms-actuarial-science/,nsm
https://www.utdallas.edu/fact-sheets/bbs/msf-applied-cognition-and-neuroscience/,bbs
https://www.utdallas.edu/fact-sheets/epps/ms-applied-sociology/,epps
https://www.utdallas.edu/fact-sheets/ah/ma-art-history/,ah
https://www.utdallas.edu/fact-sheets/atec/ma-atec/,atec
https://www.utdallas.edu/fact-sheets/atec/mfa-atec/,atec
https://www.utdallas.edu/fact-sheets/atec/phd-atec/,atec
https://www.utdallas.edu/fact-sheets/bbs/aud/,bbs
https://www.utdallas.edu/fact-sheets/nsm/ms-bioinformatics/,nsm
https://www.utdallas.edu/fact-sheets/ecs/ms-biomedical-engineering/,ecs
https://www.utdallas.edu/fact-sheets/nsm/ms-biotechnology/,nsm
https://www.utdallas.edu/fact-sheets/jsom/ms-business-analytics/,jsom
https://www.utdallas.edu/fact-sheets/nsm/ms-chemistry/,nsm
https://www.utdallas.edu/fact-sheets/nsm/phd-chemistry/,nsm
https://www.utdallas.edu/fact-sheets/bbs/phd-cognition-and-neuroscience/,bbs
https://www.utdallas.edu/fact-sheets/bbs/ms-communication-disorders/,bbs
https://www.utdallas.edu/fact-sheets/bbs/phd-communication-sciences-and-disorders/,bbs
https://www.utdallas.edu/fact-sheets/ecs/ms-computer-engineering/,ecs
https://www.utdallas.edu/fact-sheets/ecs/phd-computer-engineering/,ecs
https://www.utdallas.edu/fact-sheets/ecs/ms-computer-science/,ecs
https://www.utdallas.edu/fact-sheets/ecs/phd-computer-science/,ecs
https://www.utdallas.edu/fact-sheets/epps/ms-criminology/,epps
https://www.utdallas.edu/fact-sheets/epps/phd-criminology/,epps
https://www.utdallas.edu/fact-sheets/epps/ms-economics/,epps
https://www.utdallas.edu/fact-sheets/epps/phd-economics/,epps
https://www.utdallas.edu/fact-sheets/ecs/ms-electrical-engineering/,ecs
https://www.utdallas.edu/fact-sheets/ecs/phd-electrical-engineering/,ecs
https://www.utdallas.edu/fact-sheets/jsom/ms-financial-technology-analytics/,jsom
https://www.utdallas.edu/fact-sheets/nsm/ms-geosciences/,nsm
https://www.utdallas.edu/fact-sheets/nsm/phd-geosciences/,nsm
https://www.utdallas.edu/fact-sheets/epps/ms-geospatial-information-sciences/,epps
https://www.utdallas.edu/fact-sheets/epps/phd-geospatial-information-sciences/,epps
https://www.utdallas.edu/fact-sheets/jsom/ms-healthcare-leadership-and-management/,jsom
https://www.utdallas.edu/fact-sheets/ah/ma-history/,ah
https://www.utdallas.edu/fact-sheets/ah/ma-history-of-ideas/,ah
https://www.utdallas.edu/fact-sheets/ah/phd-history-of-ideas/,ah
https://www.utdallas.edu/fact-sheets/bbs/ms-human-development-and-early-childhood-disorders/,bbs
https://www.utdallas.edu/fact-sheets/ah/ma-humanities/,ah
https://www.utdallas.edu/fact-sheets/ah/phd-humanities/,ah
https://www.utdallas.edu/fact-sheets/jsom/ms-information-technology-and-management/,jsom
https://www.utdallas.edu/fact-sheets/jsom/ms-innovation-and-entrepreneurship/,jsom
https://www.utdallas.edu/fact-sheets/is/ma-interdisciplinary-studies/,is
https://www.utdallas.edu/fact-sheets/jsom/ms-international-management-studies/,jsom
https://www.utdallas.edu/fact-sheets/jsom/phd-international-management-studies/,jsom
https://www.utdallas.edu/fact-sheets/epps/ms-international-political-economy/,epps
https://www.utdallas.edu/fact-sheets/ah/ma-latin-american-studies/,ah
https://www.utdallas.edu/fact-sheets/ah/ma-literature/,ah
https://www.utdallas.edu/fact-sheets/ah/phd-literature/,ah
https://www.utdallas.edu/fact-sheets/jsom/ms-management-science/,jsom
https://www.utdallas.edu/fact-sheets/jsom/phd-management-science/,jsom
https://www.utdallas.edu/fact-sheets/jsom/ms-marketing/,jsom
https://www.utdallas.edu/fact-sheets/jsom/mba/,jsom
https://www.utdallas.edu/fact-sheets/ecs/ms-materials-science-and-engineering/,ecs
https://www.utdallas.edu/fact-sheets/ecs/phd-materials-science-and-engineering/,ecs
https://www.utdallas.edu/fact-sheets/nsm/ms-mathematics/,nsm
https://www.utdallas.edu/fact-sheets/nsm/phd-mathematics/,nsm
https://www.utdallas.edu/fact-sheets/nsm/mat/,nsm
https://www.utdallas.edu/fact-sheets/ecs/ms-mechanical-engineering/,ecs
https://www.utdallas.edu/fact-sheets/ecs/phd-mechanical-engineering/,ecs
https://www.utdallas.edu/fact-sheets/nsm/ms-molecular-and-cell-biology/,nsm
https://www.utdallas.edu/fact-sheets/nsm/phd-molecular-and-cell-biology/,nsm
https://www.utdallas.edu/fact-sheets/nsm/ms-physics/,nsm
https://www.utdallas.edu/fact-sheets/nsm/phd-physics/,nsm
https://www.utdallas.edu/fact-sheets/epps/ma-political-science/,epps
https://www.utdallas.edu/fact-sheets/epps/phd-political-science/,epps
https://www.utdallas.edu/fact-sheets/bbs/ms-psychology/,bbs
https://www.utdallas.edu/fact-sheets/bbs/phd-psychology/,bbs
https://www.utdallas.edu/fact-sheets/epps/mpa/,epps
https://www.utdallas.edu/fact-sheets/epps/phd-public-affairs/,epps
https://www.utdallas.edu/fact-sheets/epps/mpp/,epps
https://www.utdallas.edu/fact-sheets/epps/phd-public-policy-and-political-economy/,epps
https://www.utdallas.edu/fact-sheets/nsm/mat-science-education/,nsm
https://www.utdallas.edu/fact-sheets/epps/ms-social-data-analytics-and-research/,epps
https://www.utdallas.edu/fact-sheets/ecs/ms-software-engineering/,ecs
https://www.utdallas.edu/fact-sheets/ecs/phd-software-engineering/,ecs
https://www.utdallas.edu/fact-sheets/nsm/ms-statistics/,nsm
https://www.utdallas.edu/fact-sheets/nsm/phd-statistics/,nsm
https://www.utdallas.edu/fact-sheets/jsom/ms-supply-chain-management/,jsom
https://www.utdallas.edu/fact-sheets/ecs/ms-systems-engineering-and-management/,ecs
https://www.utdallas.edu/fact-sheets/ecs/ms-telecommunications-engineering/,ecs
https://www.utdallas.edu/fact-sheets/epps/ms-cyber-security-technology-and-policy/,epps
https://www.utdallas.edu/fact-sheets/epps/ba-bs-economics/,epps
https://www.utdallas.edu/fact-sheets/epps/ba-criminology/,epps
https://www.utdallas.edu/fact-sheets/ecs/phd-biomedical-engineering/,ecs
https://www.utdallas.edu/fact-sheets/ecs/master-of-science-in-cyber-security-technology-and-policy/,ecs
https://www.utdallas.edu/fact-sheets/jsom/master-of-science-in-systems-engineering-and-management/,jsom
https://www.utdallas.edu/fact-sheets/jsom/bachelor-of-science-in-accounting/,jsom
https://www.utdallas.edu/fact-sheets/ecs/bs-computer-engineering/,ecs
https://www.utdallas.edu/fact-sheets/nsm/ba-bs-biology/,nsm
https://www.utdallas.edu/fact-sheets/ecs/phd-telecommunications-engineering/,ecs
https://www.utdallas.edu/fact-sheets/ah/ma-visual-and-performing-arts/,ah
https://www.utdallas.edu/fact-sheets/ah/phd-visual-and-performing-arts/,ah
https://www.utdallas.edu/fact-sheets/jsom/master-of-science-in-leadership-and-organizational-development/,jsom
https://www.utdallas.edu/fact-sheets/jsom/bs-in-business-analytics/,jsom
https://www.utdallas.edu/fact-sheets/is/ba-bs-in-education/,is
