URL Links,Department Initials,Title,Catalog Page
https://www.utdallas.edu/fact-sheets/is/ba-american-studies/,is,Bachelor of Arts in American Studies,https://catalog.utdallas.edu/now/undergraduate/programs/is/american-studies
https://www.utdallas.edu/fact-sheets/is/bs-healthcare-studies/,is,Bachelor of Science in Healthcare Studies,https://catalog.utdallas.edu/now/undergraduate/programs/is/healthcare
https://www.utdallas.edu/fact-sheets/is/ba-bs-interdisciplinary-studies/,is,Bachelor of Arts and Bachelor of Science in Interdisciplinary Studies,https://catalog.utdallas.edu/now/undergraduate/programs/is/interdisciplinary-studies
https://www.utdallas.edu/fact-sheets/atec/ba-arts-technology-and-emerging-communication/,atec,"Bachelor of Arts in Arts, Technology, and Emerging Communication",https://catalog.utdallas.edu/now/undergraduate/programs/atec
https://www.utdallas.edu/fact-sheets/bbs/bs-cognitive-science/,bbs,Bachelor of Science in Cognitive Science,https://catalog.utdallas.edu/2018/undergraduate/programs/bbs/cognitive-science
https://www.utdallas.edu/fact-sheets/bbs/bs-child-learning-and-development/,bbs,Bachelor of Science in Child Learning and Development,https://catalog.utdallas.edu/2018/undergraduate/programs/bbs/child-learning-and-development
https://www.utdallas.edu/fact-sheets/jsom/bs-information-technology-and-systems/,jsom,Bachelor of Science in Information Technology and Systems,https://catalog.utdallas.edu/now/undergraduate/programs/jsom/information-technology-systems
https://www.utdallas.edu/fact-sheets/jsom/bs-global-business/,jsom,Bachelor of Science in Global Business,https://catalog.utdallas.edu/now/undergraduate/programs/jsom/global-business
https://www.utdallas.edu/fact-sheets/jsom/bs-supply-chain-management/,jsom,Bachelor of Science in Supply Chain Management,https://catalog.utdallas.edu/now/undergraduate/programs/jsom/supply-chain-management
https://www.utdallas.edu/fact-sheets/jsom/bs-marketing/,jsom,Bachelor of Science in Marketing,https://catalog.utdallas.edu/now/undergraduate/programs/jsom/marketing
https://www.utdallas.edu/fact-sheets/jsom/bs-finance/,jsom,Bachelor of Science in Finance,https://catalog.utdallas.edu/now/undergraduate/programs/jsom/finance
https://www.utdallas.edu/fact-sheets/jsom/bs-business-administration/,jsom,Bachelor of Science in Business Administration,https://catalog.utdallas.edu/now/undergraduate/programs/jsom/business-administration
https://www.utdallas.edu/fact-sheets/jsom/bs-human-resource-management/,jsom,Bachelor of Science in Human Resource Management,https://catalog.utdallas.edu/now/undergraduate/programs/jsom/human-resource-management
https://www.utdallas.edu/fact-sheets/jsom/bs-healthcare-management/,jsom,Bachelor of Science in Healthcare Management,https://catalog.utdallas.edu/now/undergraduate/programs/jsom/healthcare-management
https://www.utdallas.edu/fact-sheets/jsom/bs-accounting/,jsom,Bachelor of Science in Accounting,https://catalog.utdallas.edu/now/undergraduate/programs/jsom/accounting
https://www.utdallas.edu/fact-sheets/epps/bs-public-policy/,epps,Bachelor of Science in Public Policy,https://catalog.utdallas.edu/now/undergraduate/programs/epps/public-policy
https://www.utdallas.edu/fact-sheets/epps/ba-sociology/,epps,Bachelor of Arts in Sociology,https://catalog.utdallas.edu/now/undergraduate/programs/epps/sociology
https://www.utdallas.edu/fact-sheets/epps/bs-public-affairs/,epps,Bachelor of Science in Public Affairs,https://catalog.utdallas.edu/now/undergraduate/programs/epps/public-affairs
https://www.utdallas.edu/fact-sheets/epps/ba-bs-international-political-economy/,epps,Bachelor of Arts / Bachelor of Science in International Political Economy,https://catalog.utdallas.edu/now/undergraduate/programs/epps/international-political-economy
https://www.utdallas.edu/fact-sheets/epps/bs-geospatial-information-sciences/,epps,Bachelor of Science in Geospatial Information Sciences,https://catalog.utdallas.edu/now/undergraduate/programs/epps/geospatial-information-science
https://www.utdallas.edu/fact-sheets/epps/ba-political-science/,epps,Bachelor of Arts in Political Science,https://catalog.utdallas.edu/now/undergraduate/programs/epps/political-science
https://www.utdallas.edu/fact-sheets/ah/ba-visual-and-performing-arts/,ah,Bachelor of Arts in Visual and Performing Arts,https://catalog.utdallas.edu/2020/undergraduate/programs/ah/
https://www.utdallas.edu/fact-sheets/ah/ba-philosophy/,ah,Bachelor of Arts in Philosophy,https://catalog.utdallas.edu/now/undergraduate/programs/ah/philosophy
https://www.utdallas.edu/fact-sheets/ah/ba-literature/,ah,Bachelor of Arts in Literature,https://catalog.utdallas.edu/now/undergraduate/programs/ah/literature
https://www.utdallas.edu/fact-sheets/ah/ba-history/,ah,Bachelor of Arts in History,https://catalog.utdallas.edu/now/undergraduate/programs/ah/history
https://www.utdallas.edu/fact-sheets/ah/ba-latin-american-studies/,ah,Bachelor of Arts in Latin American Studies,https://catalog.utdallas.edu/now/undergraduate/programs/ah/latin-american-studies
https://www.utdallas.edu/fact-sheets/bbs/bs-speech-language-hearing-sciences/,bbs,"Bachelor of Science in Speech, Language, and Hearing Sciences",https://catalog.utdallas.edu/now/undergraduate/programs/bbs/speech-language-and-hearing-sciences
https://www.utdallas.edu/fact-sheets/bbs/bs-psychology/,bbs,Bachelor of Science in Psychology,https://catalog.utdallas.edu/2018/undergraduate/programs/bbs/psychology
https://www.utdallas.edu/fact-sheets/bbs/bs-neuroscience/,bbs,Bachelor of Science in Neuroscience,https://catalog.utdallas.edu/2018/undergraduate/programs/bbs/neuroscience
https://www.utdallas.edu/fact-sheets/ecs/bs-biomedical-engineering/,ecs,Bachelor of Science in Biomedical Engineering,https://catalog.utdallas.edu/now/undergraduate/programs/ecs/biomedical-engineering
https://www.utdallas.edu/fact-sheets/ecs/bs-computer-science/,ecs,Bachelor of Science in Computer Science,https://catalog.utdallas.edu/now/undergraduate/programs/ecs/computer-science
https://www.utdallas.edu/fact-sheets/ecs/bs-electrical-engineering/,ecs,Bachelor of Science in Electrical Engineering,https://catalog.utdallas.edu/now/undergraduate/programs/ecs/electrical-engineering
https://www.utdallas.edu/fact-sheets/ecs/bs-mechanical-engineering/,ecs,Bachelor of Science in Mechanical Engineering,https://catalog.utdallas.edu/now/undergraduate/programs/ecs/mechanical-engineering
https://www.utdallas.edu/fact-sheets/ecs/bs-software-engineering/,ecs,Bachelor of Science in Software Engineering,https://catalog.utdallas.edu/now/undergraduate/programs/ecs/software-engineering
https://www.utdallas.edu/fact-sheets/nsm/bs-actuarial-science/,nsm,Bachelor of Science in Actuarial Science,https://catalog.utdallas.edu/now/undergraduate/programs/nsm/actuarial-science
https://www.utdallas.edu/fact-sheets/nsm/bs-biochemistry/,nsm,Bachelor of Science in Biochemistry,https://catalog.utdallas.edu/now/undergraduate/programs/nsm/biochemistry
https://www.utdallas.edu/fact-sheets/nsm/ba-bs-chemistry/,nsm,Bachelor of Arts / Bachelor of Science in Chemistry,https://catalog.utdallas.edu/now/undergraduate/programs/nsm/chemistry
https://www.utdallas.edu/fact-sheets/nsm/bs-geosciences/,nsm,Bachelor of Science in Geosciences,https://catalog.utdallas.edu/now/undergraduate/programs/nsm/geosciences
https://www.utdallas.edu/fact-sheets/nsm/ba-bs-mathematics/,nsm,Bachelor of Arts / Bachelor of Science in Mathematics,https://catalog.utdallas.edu/now/undergraduate/programs/nsm/mathematics
https://www.utdallas.edu/fact-sheets/nsm/bs-molecular-biology/,nsm,Bachelor of Science in Molecular Biology,https://catalog.utdallas.edu/2018/undergraduate/programs/nsm/molecular-biology
https://www.utdallas.edu/fact-sheets/nsm/ba-bs-physics/,nsm,Bachelor of Arts / Bachelor of Science in Physics,https://catalog.utdallas.edu/now/undergraduate/programs/nsm/physics
https://www.utdallas.edu/fact-sheets/ecs/bs-data-science-ecs/,ecs,Bachelor of Science in Data Science,https://catalog.utdallas.edu/now/undergraduate/programs/ecs/
https://www.utdallas.edu/fact-sheets/nsm/bs-data-science-nsm/,nsm,Bachelor of Science in Data Science,https://catalog.utdallas.edu/now/undergraduate/programs/nsm/
https://www.utdallas.edu/fact-sheets/jsom/ms-in-accounting/,jsom,Master of Science in Accounting,http://catalog.utdallas.edu/now/graduate/programs/jsom/accounting
https://www.utdallas.edu/fact-sheets/jsom/ms-in-energy-management/,jsom,Master of Science in Energy Management,http://catalog.utdallas.edu/now/graduate/programs/jsom/energy-management
https://www.utdallas.edu/fact-sheets/jsom/master-of-science-in-finance/,jsom,Master of Science in Finance,https://catalog.utdallas.edu/2019/graduate/programs/jsom/finance
https://www.utdallas.edu/fact-sheets/nsm/ms-actuarial-science/,nsm,Master of Science in Actuarial Science,https://catalog.utdallas.edu/now/graduate/programs/nsm/mathematics#master-of-science-in-actuarial-science
https://www.utdallas.edu/fact-sheets/bbs/msf-applied-cognition-and-neuroscience/,bbs,Master of Science in Applied Cognition and Neuroscience,https://catalog.utdallas.edu/now/graduate/programs/bbs/applied-cognition-and-neuroscience
https://www.utdallas.edu/fact-sheets/epps/ms-applied-sociology/,epps,Master of Science in Applied Sociology,https://catalog.utdallas.edu/now/graduate/programs/epps/sociology#applied-sociology-ms
https://www.utdallas.edu/fact-sheets/ah/ma-art-history/,ah,Master of Arts in Art History,https://catalog.utdallas.edu/now/graduate/programs/ah/art-history
https://www.utdallas.edu/fact-sheets/atec/ma-atec/,atec,"Master of Arts in Arts, Technology, and Emerging Communication",https://catalog.utdallas.edu/now/graduate/programs/atec/arts-technology-and-emerging-communication-ma
https://www.utdallas.edu/fact-sheets/atec/mfa-atec/,atec,"Master of Fine Arts in Arts, Technology, and Emerging Communication",https://catalog.utdallas.edu/now/graduate/programs/atec/arts-technology-and-emerging-communication-mfa
https://www.utdallas.edu/fact-sheets/atec/phd-atec/,atec,"Doctor of Philosophy in Arts, Technology, and Emerging Communication",https://catalog.utdallas.edu/now/graduate/programs/atec/arts-technology-and-emerging-communication-ma#doctor-of-philosophy-in-arts-and-technology
https://www.utdallas.edu/fact-sheets/bbs/aud/,bbs,Doctor of Audiology,http://catalog.utdallas.edu/now/graduate/programs/bbs/audiology#audiology-aud
https://www.utdallas.edu/fact-sheets/nsm/ms-bioinformatics/,nsm,Master of Science in Bioinformatics and Computational Biology,https://catalog.utdallas.edu/now/graduate/programs/nsm/biological-sciences#master-of-science-in-bioinformatics-and-computational-biology
https://www.utdallas.edu/fact-sheets/ecs/ms-biomedical-engineering/,ecs,Master of Science in Biomedical Engineering,http://catalog.utdallas.edu/now/graduate/programs/ecs/biomedical-engineering#biomedical-engineering-ms
https://www.utdallas.edu/fact-sheets/nsm/ms-biotechnology/,nsm,Master of Science in Biotechnology,https://catalog.utdallas.edu/now/graduate/programs/nsm/biological-sciences#biotechnology-ms
https://www.utdallas.edu/fact-sheets/jsom/ms-business-analytics/,jsom,Master of Science in Business Analytics,http://catalog.utdallas.edu/now/graduate/programs/jsom/business-analytics
https://www.utdallas.edu/fact-sheets/nsm/ms-chemistry/,nsm,Master of Science in Chemistry,https://catalog.utdallas.edu/now/graduate/programs/nsm/chemistry-and-biochemistry#master-of-science-in-chemistry
https://www.utdallas.edu/fact-sheets/nsm/phd-chemistry/,nsm,Doctor of Philosophy in Chemistry,https://catalog.utdallas.edu/now/graduate/programs/nsm/chemistry-and-biochemistry#doctor-of-philosophy-in-chemistry
https://www.utdallas.edu/fact-sheets/bbs/phd-cognition-and-neuroscience/,bbs,Doctor of Philosophy in Cognition and Neuroscience,http://catalog.utdallas.edu/now/graduate/programs/bbs/doctoral-programs#cognition-and-neuroscience-phd
https://www.utdallas.edu/fact-sheets/bbs/ms-communication-disorders/,bbs,Master of Science in Speech-Language Pathology,https://catalog.utdallas.edu/2020/graduate/programs/bbs
https://www.utdallas.edu/fact-sheets/bbs/phd-communication-sciences-and-disorders/,bbs,"Doctor of Philosophy in Speech, Language, And Hearing Sciences",https://catalog.utdallas.edu/now/graduate/programs/bbs/doctoral-programs
https://www.utdallas.edu/fact-sheets/ecs/ms-computer-engineering/,ecs,Master of Science in Computer Engineering,http://catalog.utdallas.edu/now/graduate/programs/ecs/computer-engineering#computer-engineering-ms
https://www.utdallas.edu/fact-sheets/ecs/phd-computer-engineering/,ecs,Doctor of Philosophy in Computer Engineering,https://catalog.utdallas.edu/now/graduate/programs/ecs/computer-engineering
https://www.utdallas.edu/fact-sheets/ecs/ms-computer-science/,ecs,Master of Science in Computer Science,http://catalog.utdallas.edu/now/graduate/programs/ecs/computer-science#computer-science-ms
https://www.utdallas.edu/fact-sheets/ecs/phd-computer-science/,ecs,Doctor of Philosophy in Computer Science,https://catalog.utdallas.edu/now/graduate/programs/ecs/computer-science
https://www.utdallas.edu/fact-sheets/epps/ms-criminology/,epps,Master of Science in Criminology,https://catalog.utdallas.edu/now/graduate/programs/epps/criminology#criminology-ms
https://www.utdallas.edu/fact-sheets/epps/phd-criminology/,epps,Doctor of Philosophy in Criminology,https://catalog.utdallas.edu/now/graduate/programs/epps/criminology#criminology-phd
https://www.utdallas.edu/fact-sheets/epps/ms-economics/,epps,Master of Science in Economics,https://catalog.utdallas.edu/now/graduate/programs/epps/economics#economics-ms
https://www.utdallas.edu/fact-sheets/epps/phd-economics/,epps,Doctor of Philosophy in Economics,https://catalog.utdallas.edu/now/graduate/programs/epps/economics#economics-phd
https://www.utdallas.edu/fact-sheets/ecs/ms-electrical-engineering/,ecs,Master of Science in Electrical Engineering,http://catalog.utdallas.edu/now/graduate/programs/ecs/electrical-engineering#electrical-engineering-ms
https://www.utdallas.edu/fact-sheets/ecs/phd-electrical-engineering/,ecs,Doctor of Philosophy in Electrical Engineering,https://catalog.utdallas.edu/now/graduate/programs/ecs/electrical-engineering
https://www.utdallas.edu/fact-sheets/jsom/ms-financial-technology-analytics/,jsom,Master of Science in Financial Technology and Analytics,https://catalog.utdallas.edu/now/graduate/programs/jsom/financial-technology-and-analytics
https://www.utdallas.edu/fact-sheets/nsm/ms-geosciences/,nsm,Master of Science in Geosciences,https://catalog.utdallas.edu/now/graduate/programs/nsm/geosciences#geosciences-ms
https://www.utdallas.edu/fact-sheets/nsm/phd-geosciences/,nsm,Doctor of Philosophy in Geosciences,https://catalog.utdallas.edu/now/graduate/programs/nsm/geosciences#geosciences-phd
https://www.utdallas.edu/fact-sheets/epps/ms-geospatial-information-sciences/,epps,Master of Science in Geospatial Information Sciences,https://catalog.utdallas.edu/now/graduate/programs/epps/geospatial-information-science#master-of-science-in-geospatial-information-sciences
https://www.utdallas.edu/fact-sheets/epps/phd-geospatial-information-sciences/,epps,Doctor of Philosophy in Geospatial Information Sciences,https://catalog.utdallas.edu/now/graduate/programs/epps/geospatial-information-science#geospatial-information-science-phd
https://www.utdallas.edu/fact-sheets/jsom/ms-healthcare-leadership-and-management/,jsom,Master of Science in Healthcare Leadership and Management,http://catalog.utdallas.edu/now/graduate/programs/jsom/healthcare-management
https://www.utdallas.edu/fact-sheets/ah/ma-history/,ah,Master of Arts in History,https://catalog.utdallas.edu/now/graduate/programs/ah/history
https://www.utdallas.edu/fact-sheets/ah/ma-history-of-ideas/,ah,Master of Arts in History of Ideas,https://catalog.utdallas.edu/2021/graduate/programs/ah/history-of-ideas#overview
https://www.utdallas.edu/fact-sheets/ah/phd-history-of-ideas/,ah,Doctor of Philosophy in History of Ideas,https://catalog.utdallas.edu/now/graduate/programs/ah/humanities#humanities-phd
https://www.utdallas.edu/fact-sheets/bbs/ms-human-development-and-early-childhood-disorders/,bbs,Master of Science in Human Development and Early Childhood Disorders,https://catalog.utdallas.edu/now/graduate/programs/bbs/human-development-and-early-childhood-disorders
https://www.utdallas.edu/fact-sheets/ah/ma-humanities/,ah,Master of Arts in Humanities,https://catalog.utdallas.edu/now/graduate/programs/ah/humanities#humanities-ma
https://www.utdallas.edu/fact-sheets/ah/phd-humanities/,ah,Doctor of Philosophy in Humanities,https://catalog.utdallas.edu/now/graduate/programs/ah/humanities#humanities-phd
https://www.utdallas.edu/fact-sheets/jsom/ms-information-technology-and-management/,jsom,Master of Science in Information Technology and Management,http://catalog.utdallas.edu/now/graduate/programs/jsom/information-technology-management
https://www.utdallas.edu/fact-sheets/jsom/ms-innovation-and-entrepreneurship/,jsom,Master of Science in Innovation and Entrepreneurship,http://catalog.utdallas.edu/now/graduate/programs/jsom/innovation-entrepreneurship
https://www.utdallas.edu/fact-sheets/is/ma-interdisciplinary-studies/,is,Master of Arts in Interdisciplinary Studies,http://catalog.utdallas.edu/now/graduate/programs/is
https://www.utdallas.edu/fact-sheets/jsom/ms-international-management-studies/,jsom,Master of Science in International Management Studies,http://catalog.utdallas.edu/now/graduate/programs/jsom/international-management-studies
https://www.utdallas.edu/fact-sheets/jsom/phd-international-management-studies/,jsom,Doctor of Philosophy in International Management Studies,http://catalog.utdallas.edu/now/graduate/programs/jsom/phd#international-management-studies-phd
https://www.utdallas.edu/fact-sheets/epps/ms-international-political-economy/,epps,Master of Science in International Political Economy,https://catalog.utdallas.edu/now/graduate/programs/epps/public-policy-and-political-economy#master-of-science-in-international-political-economy
https://www.utdallas.edu/fact-sheets/ah/ma-latin-american-studies/,ah,Master of Arts in Latin American Studies,https://catalog.utdallas.edu/now/graduate/programs/ah/latin-american-studies
https://www.utdallas.edu/fact-sheets/ah/ma-literature/,ah,Master of Arts in Literature,https://catalog.utdallas.edu/now/graduate/programs/ah/humanities#overview
https://www.utdallas.edu/fact-sheets/ah/phd-literature/,ah,Doctor of Philosophy in Literature,https://catalog.utdallas.edu/now/graduate/programs/ah/humanities#humanities-phd
https://www.utdallas.edu/fact-sheets/jsom/ms-management-science/,jsom,Master of Science in Management Science,https://catalog.utdallas.edu/now/graduate/programs/jsom/management-science
https://www.utdallas.edu/fact-sheets/jsom/phd-management-science/,jsom,Doctor of Philosophy in Management Science,http://catalog.utdallas.edu/now/graduate/programs/jsom/phd#management-science-phd
https://www.utdallas.edu/fact-sheets/jsom/ms-marketing/,jsom,Master of Science in Marketing,http://catalog.utdallas.edu/now/graduate/programs/jsom/marketing
https://www.utdallas.edu/fact-sheets/jsom/mba/,jsom,Master of Business Administration,http://catalog.utdallas.edu/now/graduate/programs/jsom/business-administration
https://www.utdallas.edu/fact-sheets/ecs/ms-materials-science-and-engineering/,ecs,Master of Science in Materials Science and Engineering,https://catalog.utdallas.edu/now/graduate/programs/ecs/materials-science#master-of-science-in-materials-science-and-engineering
https://www.utdallas.edu/fact-sheets/ecs/phd-materials-science-and-engineering/,ecs,Doctor of Philosophy in Materials Science and Engineering,https://catalog.utdallas.edu/now/graduate/programs/ecs/materials-science
https://www.utdallas.edu/fact-sheets/nsm/ms-mathematics/,nsm,Master of Science in Mathematics,https://catalog.utdallas.edu/now/graduate/programs/nsm/mathematics#master-of-science-in-mathematics
https://www.utdallas.edu/fact-sheets/nsm/phd-mathematics/,nsm,Doctor of Philosophy in Mathematics,https://catalog.utdallas.edu/2018/graduate/programs/nsm/mathematics#doctor-of-philosophy-in-mathematics
https://www.utdallas.edu/fact-sheets/nsm/mat/,nsm,Master of Arts in Teaching in Mathematics Education,https://catalog.utdallas.edu/now/graduate/programs/nsm/science-and-mathematics-education
https://www.utdallas.edu/fact-sheets/ecs/ms-mechanical-engineering/,ecs,Master of Science in Mechanical Engineering,https://catalog.utdallas.edu/now/graduate/programs/ecs/mechanical-engineering#master-of-science-in-mechanical-engineering
https://www.utdallas.edu/fact-sheets/ecs/phd-mechanical-engineering/,ecs,Doctor of Philosophy in Mechanical Engineering,https://catalog.utdallas.edu/2018/graduate/programs/ecs/mechanical-engineering#doctor-of-philosophy-in-mechanical-engineering
https://www.utdallas.edu/fact-sheets/nsm/ms-molecular-and-cell-biology/,nsm,Master of Science in Molecular and Cell Biology,https://catalog.utdallas.edu/now/graduate/programs/nsm/biological-sciences#master-of-science-in-molecular-and-cell-biology
https://www.utdallas.edu/fact-sheets/nsm/phd-molecular-and-cell-biology/,nsm,Doctor of Philosophy in Molecular and Cell Biology,https://catalog.utdallas.edu/now/graduate/programs/nsm/biological-sciences#molecular-and-cell-biology-phd
https://www.utdallas.edu/fact-sheets/nsm/ms-physics/,nsm,Master of Science in Physics,https://catalog.utdallas.edu/now/graduate/programs/nsm/physics#master-of-science-in-physics
https://www.utdallas.edu/fact-sheets/nsm/phd-physics/,nsm,Doctor of Philosophy in Physics,https://catalog.utdallas.edu/now/graduate/programs/nsm/physics#doctor-of-philosophy-in-physics
https://www.utdallas.edu/fact-sheets/epps/ma-political-science/,epps,Master of Arts in Political Science,https://catalog.utdallas.edu/now/graduate/programs/epps/political-science#master-of-arts-in-political-science
https://www.utdallas.edu/fact-sheets/epps/phd-political-science/,epps,Doctor of Philosophy in Political Science,https://catalog.utdallas.edu/now/graduate/programs/epps/political-science#doctor-of-philosophy-in-political-science
https://www.utdallas.edu/fact-sheets/bbs/ms-psychology/,bbs,Master of Science in Psychology,https://catalog.utdallas.edu/now/graduate/programs/bbs/psychology
https://www.utdallas.edu/fact-sheets/bbs/phd-psychology/,bbs,Doctor of Philosophy in Psychology,http://catalog.utdallas.edu/now/graduate/programs/bbs/doctoral-programs
https://www.utdallas.edu/fact-sheets/epps/mpa/,epps,Master of Public Affairs,https://catalog.utdallas.edu/now/graduate/programs/epps/public-affairs#master-of-public-affairs
https://www.utdallas.edu/fact-sheets/epps/phd-public-affairs/,epps,Doctor of Philosophy in Public Affairs,https://catalog.utdallas.edu/now/graduate/programs/epps/public-affairs#public-affairs-phd
https://www.utdallas.edu/fact-sheets/epps/mpp/,epps,Master of Public Policy,https://catalog.utdallas.edu/now/graduate/programs/epps/public-policy-and-political-economy#master-of-public-policy
https://www.utdallas.edu/fact-sheets/epps/phd-public-policy-and-political-economy/,epps,Doctor of Philosophy in Public Policy and Political Economy,https://catalog.utdallas.edu/now/graduate/programs/epps/public-policy-and-political-economy#doctor-of-philosophy-in-public-policy-and-political-economy
https://www.utdallas.edu/fact-sheets/nsm/mat-science-education/,nsm,Master of Arts in Teaching in Science Education,https://catalog.utdallas.edu/now/graduate/programs/nsm/science-and-mathematics-education
https://www.utdallas.edu/fact-sheets/epps/ms-social-data-analytics-and-research/,epps,Master of Science in Social Data Analytics and Research,https://catalog.utdallas.edu/now/graduate/programs/epps/social-data-analytics-and-research
https://www.utdallas.edu/fact-sheets/ecs/ms-software-engineering/,ecs,Executive Master of Science in Software Engineering,https://catalog.utdallas.edu/2018/graduate/programs/ecs/software-engineering#master-of-science-in-software-engineering
https://www.utdallas.edu/fact-sheets/ecs/phd-software-engineering/,ecs,Doctor of Philosophy in Software Engineering,https://catalog.utdallas.edu/2018/graduate/programs/ecs/software-engineering
https://www.utdallas.edu/fact-sheets/nsm/ms-statistics/,nsm,Master of Science in Statistics,https://catalog.utdallas.edu/now/graduate/programs/nsm/mathematics#master-of-science-in-statistics
https://www.utdallas.edu/fact-sheets/nsm/phd-statistics/,nsm,Doctor of Philosophy in Statistics,https://catalog.utdallas.edu/now/graduate/programs/nsm/mathematics#doctor-of-philosophy-in-statistics
https://www.utdallas.edu/fact-sheets/jsom/ms-supply-chain-management/,jsom,Master of Science in Supply Chain Management,http://catalog.utdallas.edu/now/graduate/programs/jsom/supply-chain-management
https://www.utdallas.edu/fact-sheets/ecs/ms-systems-engineering-and-management/,ecs,Master of Science in Systems Engineering and Management,https://catalog.utdallas.edu/now/graduate/programs/jsom/systems-engineering-and-management/ms-sem
https://www.utdallas.edu/fact-sheets/ecs/ms-telecommunications-engineering/,ecs,Master of Science in Telecommunications Engineering,http://catalog.utdallas.edu/now/graduate/programs/ecs/telecom-engineering#telecom-engineering-ms
https://www.utdallas.edu/fact-sheets/epps/ms-cyber-security-technology-and-policy/,epps,"Master of Science in Cyber Security, Technology and Policy",https://catalog.utdallas.edu/now/graduate/programs/epps/public-policy-and-political-economy#master-of-science-in-cyber-security-technology-and-policy
https://www.utdallas.edu/fact-sheets/epps/ba-bs-economics/,epps,Bachelor of Arts / Bachelor of Science in Economics,https://catalog.utdallas.edu/now/undergraduate/programs/epps/economics
https://www.utdallas.edu/fact-sheets/epps/ba-criminology/,epps,Bachelor of Arts in Criminology,https://catalog.utdallas.edu/now/undergraduate/programs/epps/criminology
https://www.utdallas.edu/fact-sheets/ecs/phd-biomedical-engineering/,ecs,Doctor of Philosophy in Biomedical Engineering,http://catalog.utdallas.edu/now/graduate/programs/ecs/biomedical-engineering#biomedical-engineering-phd
https://www.utdallas.edu/fact-sheets/ecs/master-of-science-in-cyber-security-technology-and-policy/,ecs,"Master of Science in Cyber Security, Technology and Policy",https://catalog.utdallas.edu/now/graduate/programs/epps/public-policy-and-political-economy#master-of-science-in-cyber-security-technology-and-policy
https://www.utdallas.edu/fact-sheets/jsom/master-of-science-in-systems-engineering-and-management/,jsom,Master of Science in Systems Engineering and Management,https://catalog.utdallas.edu/now/graduate/programs/jsom/systems-engineering-and-management/ms-sem
https://www.utdallas.edu/fact-sheets/jsom/bachelor-of-science-in-accounting/,jsom,Bachelor of Science in Accounting,
https://www.utdallas.edu/fact-sheets/ecs/bs-computer-engineering/,ecs,Bachelor of Science in Computer Engineering,https://catalog.utdallas.edu/now/undergraduate/programs/ecs/computer-engineering
https://www.utdallas.edu/fact-sheets/nsm/ba-bs-biology/,nsm,Bachelor of Arts / Bachelor of Science in Biology,https://catalog.utdallas.edu/now/undergraduate/programs/nsm/biology
https://www.utdallas.edu/fact-sheets/ecs/phd-telecommunications-engineering/,ecs,Doctor of Philosophy in Telecommunications Engineering,https://catalog.utdallas.edu/now/graduate/programs/ecs/telecom-engineering
https://www.utdallas.edu/fact-sheets/ah/ma-visual-and-performing-arts/,ah,Master of Arts in Visual and Performing Arts,https://catalog.utdallas.edu/now/graduate/programs/ah/humanities#overview
https://www.utdallas.edu/fact-sheets/ah/phd-visual-and-performing-arts/,ah,Doctor of Philosophy in Visual and Performing Arts,https://catalog.utdallas.edu/now/graduate/programs/ah/humanities#humanities-phd
https://www.utdallas.edu/fact-sheets/jsom/master-of-science-in-leadership-and-organizational-development/,jsom,Master of Science in Leadership and Organizational Development,https://obcc.utdallas.edu/ms-leadership-and-organizational-development/
https://www.utdallas.edu/fact-sheets/jsom/bs-in-business-analytics/,jsom,Bachelor of Science in Business Analytics,https://catalog.utdallas.edu/2021/undergraduate/programs/jsom/business-analytics
https://www.utdallas.edu/fact-sheets/is/ba-bs-in-education/,is,School of Interdisciplinary Studies,https://catalog.utdallas.edu/2021/undergraduate/programs/is/education/
