URL Links,Department Initials,Title,Catalog Page,Course File Name
https://www.utdallas.edu/fact-sheets/is/ba-american-studies/,is,Bachelor of Arts in American Studies,https://catalog.utdallas.edu/now/undergraduate/programs/is/american-studies,courses/Bachelor of Arts in American Studies.csv
https://www.utdallas.edu/fact-sheets/is/bs-healthcare-studies/,is,Bachelor of Science in Healthcare Studies,https://catalog.utdallas.edu/now/undergraduate/programs/is/healthcare,courses/Bachelor of Science in Healthcare Studies.csv
https://www.utdallas.edu/fact-sheets/is/ba-bs-interdisciplinary-studies/,is,Bachelor of Arts and Bachelor of Science in Interdisciplinary Studies,https://catalog.utdallas.edu/now/undergraduate/programs/is/interdisciplinary-studies,courses/Bachelor of Arts and Bachelor of Science in Interdisciplinary Studies.csv
https://www.utdallas.edu/fact-sheets/atec/ba-arts-technology-and-emerging-communication/,atec,"Bachelor of Arts in Arts, Technology, and Emerging Communication",https://catalog.utdallas.edu/now/undergraduate/programs/atec,"courses/Bachelor of Arts in Arts, Technology, and Emerging Communication.csv"
https://www.utdallas.edu/fact-sheets/bbs/bs-cognitive-science/,bbs,Bachelor of Science in Cognitive Science,https://catalog.utdallas.edu/2018/undergraduate/programs/bbs/cognitive-science,courses/Bachelor of Science in Cognitive Science.csv
https://www.utdallas.edu/fact-sheets/bbs/bs-child-learning-and-development/,bbs,Bachelor of Science in Child Learning and Development,https://catalog.utdallas.edu/2018/undergraduate/programs/bbs/child-learning-and-development,courses/Bachelor of Science in Child Learning and Development.csv
https://www.utdallas.edu/fact-sheets/jsom/bs-information-technology-and-systems/,jsom,Bachelor of Science in Information Technology and Systems,https://catalog.utdallas.edu/now/undergraduate/programs/jsom/information-technology-systems,courses/Bachelor of Science in Information Technology and Systems.csv
https://www.utdallas.edu/fact-sheets/jsom/bs-global-business/,jsom,Bachelor of Science in Global Business,https://catalog.utdallas.edu/now/undergraduate/programs/jsom/global-business,courses/Bachelor of Science in Global Business.csv
https://www.utdallas.edu/fact-sheets/jsom/bs-supply-chain-management/,jsom,Bachelor of Science in Supply Chain Management,https://catalog.utdallas.edu/now/undergraduate/programs/jsom/supply-chain-management,courses/Bachelor of Science in Supply Chain Management.csv
https://www.utdallas.edu/fact-sheets/jsom/bs-marketing/,jsom,Bachelor of Science in Marketing,https://catalog.utdallas.edu/now/undergraduate/programs/jsom/marketing,courses/Bachelor of Science in Marketing.csv
https://www.utdallas.edu/fact-sheets/jsom/bs-finance/,jsom,Bachelor of Science in Finance,https://catalog.utdallas.edu/now/undergraduate/programs/jsom/finance,courses/Bachelor of Science in Finance.csv
https://www.utdallas.edu/fact-sheets/jsom/bs-business-administration/,jsom,Bachelor of Science in Business Administration,https://catalog.utdallas.edu/now/undergraduate/programs/jsom/business-administration,courses/Bachelor of Science in Business Administration.csv
https://www.utdallas.edu/fact-sheets/jsom/bs-human-resource-management/,jsom,Bachelor of Science in Human Resource Management,https://catalog.utdallas.edu/now/undergraduate/programs/jsom/human-resource-management,courses/Bachelor of Science in Human Resource Management.csv
https://www.utdallas.edu/fact-sheets/jsom/bs-healthcare-management/,jsom,Bachelor of Science in Healthcare Management,https://catalog.utdallas.edu/now/undergraduate/programs/jsom/healthcare-management,courses/Bachelor of Science in Healthcare Management.csv
https://www.utdallas.edu/fact-sheets/jsom/bs-accounting/,jsom,Bachelor of Science in Accounting,https://catalog.utdallas.edu/now/undergraduate/programs/jsom/accounting,courses/Bachelor of Science in Accounting.csv
https://www.utdallas.edu/fact-sheets/epps/bs-public-policy/,epps,Bachelor of Science in Public Policy,https://catalog.utdallas.edu/now/undergraduate/programs/epps/public-policy,courses/Bachelor of Science in Public Policy.csv
https://www.utdallas.edu/fact-sheets/epps/ba-sociology/,epps,Bachelor of Arts in Sociology,https://catalog.utdallas.edu/now/undergraduate/programs/epps/sociology,courses/Bachelor of Arts in Sociology.csv
https://www.utdallas.edu/fact-sheets/epps/bs-public-affairs/,epps,Bachelor of Science in Public Affairs,https://catalog.utdallas.edu/now/undergraduate/programs/epps/public-affairs,courses/Bachelor of Science in Public Affairs.csv
https://www.utdallas.edu/fact-sheets/epps/ba-bs-international-political-economy/,epps,Bachelor of Arts / Bachelor of Science in International Political Economy,https://catalog.utdallas.edu/now/undergraduate/programs/epps/international-political-economy,courses/Bachelor of Arts / Bachelor of Science in International Political Economy.csv
https://www.utdallas.edu/fact-sheets/epps/bs-geospatial-information-sciences/,epps,Bachelor of Science in Geospatial Information Sciences,https://catalog.utdallas.edu/now/undergraduate/programs/epps/geospatial-information-science,courses/Bachelor of Science in Geospatial Information Sciences.csv
https://www.utdallas.edu/fact-sheets/epps/ba-political-science/,epps,Bachelor of Arts in Political Science,https://catalog.utdallas.edu/now/undergraduate/programs/epps/political-science,courses/Bachelor of Arts in Political Science.csv
https://www.utdallas.edu/fact-sheets/ah/ba-visual-and-performing-arts/,ah,Bachelor of Arts in Visual and Performing Arts,https://catalog.utdallas.edu/2020/undergraduate/programs/ah/,courses/Bachelor of Arts in Visual and Performing Arts.csv
https://www.utdallas.edu/fact-sheets/ah/ba-philosophy/,ah,Bachelor of Arts in Philosophy,https://catalog.utdallas.edu/now/undergraduate/programs/ah/philosophy,courses/Bachelor of Arts in Philosophy.csv
https://www.utdallas.edu/fact-sheets/ah/ba-literature/,ah,Bachelor of Arts in Literature,https://catalog.utdallas.edu/now/undergraduate/programs/ah/literature,courses/Bachelor of Arts in Literature.csv
https://www.utdallas.edu/fact-sheets/ah/ba-history/,ah,Bachelor of Arts in History,https://catalog.utdallas.edu/now/undergraduate/programs/ah/history,courses/Bachelor of Arts in History.csv
https://www.utdallas.edu/fact-sheets/ah/ba-latin-american-studies/,ah,Bachelor of Arts in Latin American Studies,https://catalog.utdallas.edu/now/undergraduate/programs/ah/latin-american-studies,courses/Bachelor of Arts in Latin American Studies.csv
https://www.utdallas.edu/fact-sheets/bbs/bs-speech-language-hearing-sciences/,bbs,"Bachelor of Science in Speech, Language, and Hearing Sciences",https://catalog.utdallas.edu/now/undergraduate/programs/bbs/speech-language-and-hearing-sciences,"courses/Bachelor of Science in Speech, Language, and Hearing Sciences.csv"
https://www.utdallas.edu/fact-sheets/bbs/bs-psychology/,bbs,Bachelor of Science in Psychology,https://catalog.utdallas.edu/2018/undergraduate/programs/bbs/psychology,courses/Bachelor of Science in Psychology.csv
https://www.utdallas.edu/fact-sheets/bbs/bs-neuroscience/,bbs,Bachelor of Science in Neuroscience,https://catalog.utdallas.edu/2018/undergraduate/programs/bbs/neuroscience,courses/Bachelor of Science in Neuroscience.csv
https://www.utdallas.edu/fact-sheets/ecs/bs-biomedical-engineering/,ecs,Bachelor of Science in Biomedical Engineering,https://catalog.utdallas.edu/now/undergraduate/programs/ecs/biomedical-engineering,courses/Bachelor of Science in Biomedical Engineering.csv
https://www.utdallas.edu/fact-sheets/ecs/bs-computer-science/,ecs,Bachelor of Science in Computer Science,https://catalog.utdallas.edu/now/undergraduate/programs/ecs/computer-science,courses/Bachelor of Science in Computer Science.csv
https://www.utdallas.edu/fact-sheets/ecs/bs-electrical-engineering/,ecs,Bachelor of Science in Electrical Engineering,https://catalog.utdallas.edu/now/undergraduate/programs/ecs/electrical-engineering,courses/Bachelor of Science in Electrical Engineering.csv
https://www.utdallas.edu/fact-sheets/ecs/bs-mechanical-engineering/,ecs,Bachelor of Science in Mechanical Engineering,https://catalog.utdallas.edu/now/undergraduate/programs/ecs/mechanical-engineering,courses/Bachelor of Science in Mechanical Engineering.csv
https://www.utdallas.edu/fact-sheets/ecs/bs-software-engineering/,ecs,Bachelor of Science in Software Engineering,https://catalog.utdallas.edu/now/undergraduate/programs/ecs/software-engineering,courses/Bachelor of Science in Software Engineering.csv
https://www.utdallas.edu/fact-sheets/nsm/bs-actuarial-science/,nsm,Bachelor of Science in Actuarial Science,https://catalog.utdallas.edu/now/undergraduate/programs/nsm/actuarial-science,courses/Bachelor of Science in Actuarial Science.csv
https://www.utdallas.edu/fact-sheets/nsm/bs-biochemistry/,nsm,Bachelor of Science in Biochemistry,https://catalog.utdallas.edu/now/undergraduate/programs/nsm/biochemistry,courses/Bachelor of Science in Biochemistry.csv
https://www.utdallas.edu/fact-sheets/nsm/ba-bs-chemistry/,nsm,Bachelor of Arts / Bachelor of Science in Chemistry,https://catalog.utdallas.edu/now/undergraduate/programs/nsm/chemistry,courses/Bachelor of Arts / Bachelor of Science in Chemistry.csv
https://www.utdallas.edu/fact-sheets/nsm/bs-geosciences/,nsm,Bachelor of Science in Geosciences,https://catalog.utdallas.edu/now/undergraduate/programs/nsm/geosciences,courses/Bachelor of Science in Geosciences.csv
https://www.utdallas.edu/fact-sheets/nsm/ba-bs-mathematics/,nsm,Bachelor of Arts / Bachelor of Science in Mathematics,https://catalog.utdallas.edu/now/undergraduate/programs/nsm/mathematics,courses/Bachelor of Arts / Bachelor of Science in Mathematics.csv
https://www.utdallas.edu/fact-sheets/nsm/bs-molecular-biology/,nsm,Bachelor of Science in Molecular Biology,https://catalog.utdallas.edu/2018/undergraduate/programs/nsm/molecular-biology,courses/Bachelor of Science in Molecular Biology.csv
https://www.utdallas.edu/fact-sheets/nsm/ba-bs-physics/,nsm,Bachelor of Arts / Bachelor of Science in Physics,https://catalog.utdallas.edu/now/undergraduate/programs/nsm/physics,courses/Bachelor of Arts / Bachelor of Science in Physics.csv
https://www.utdallas.edu/fact-sheets/ecs/bs-data-science-ecs/,ecs,Bachelor of Science in Data Science,https://catalog.utdallas.edu/now/undergraduate/programs/ecs/,courses/Bachelor of Science in Data Science.csv
https://www.utdallas.edu/fact-sheets/nsm/bs-data-science-nsm/,nsm,Bachelor of Science in Data Science,https://catalog.utdallas.edu/now/undergraduate/programs/nsm/,courses/Bachelor of Science in Data Science.csv
https://www.utdallas.edu/fact-sheets/jsom/ms-in-accounting/,jsom,Master of Science in Accounting,http://catalog.utdallas.edu/now/graduate/programs/jsom/accounting,courses/Master of Science in Accounting.csv
https://www.utdallas.edu/fact-sheets/jsom/ms-in-energy-management/,jsom,Master of Science in Energy Management,http://catalog.utdallas.edu/now/graduate/programs/jsom/energy-management,courses/Master of Science in Energy Management.csv
https://www.utdallas.edu/fact-sheets/jsom/master-of-science-in-finance/,jsom,Master of Science in Finance,https://catalog.utdallas.edu/2019/graduate/programs/jsom/finance,courses/Master of Science in Finance.csv
https://www.utdallas.edu/fact-sheets/nsm/ms-actuarial-science/,nsm,Master of Science in Actuarial Science,https://catalog.utdallas.edu/now/graduate/programs/nsm/mathematics#master-of-science-in-actuarial-science,courses/Master of Science in Actuarial Science.csv
https://www.utdallas.edu/fact-sheets/bbs/msf-applied-cognition-and-neuroscience/,bbs,Master of Science in Applied Cognition and Neuroscience,https://catalog.utdallas.edu/now/graduate/programs/bbs/applied-cognition-and-neuroscience,courses/Master of Science in Applied Cognition and Neuroscience.csv
https://www.utdallas.edu/fact-sheets/epps/ms-applied-sociology/,epps,Master of Science in Applied Sociology,https://catalog.utdallas.edu/now/graduate/programs/epps/sociology#applied-sociology-ms,courses/Master of Science in Applied Sociology.csv
https://www.utdallas.edu/fact-sheets/ah/ma-art-history/,ah,Master of Arts in Art History,https://catalog.utdallas.edu/now/graduate/programs/ah/art-history,courses/Master of Arts in Art History.csv
https://www.utdallas.edu/fact-sheets/atec/ma-atec/,atec,"Master of Arts in Arts, Technology, and Emerging Communication",https://catalog.utdallas.edu/now/graduate/programs/atec/arts-technology-and-emerging-communication-ma,"courses/Master of Arts in Arts, Technology, and Emerging Communication.csv"
https://www.utdallas.edu/fact-sheets/atec/mfa-atec/,atec,"Master of Fine Arts in Arts, Technology, and Emerging Communication",https://catalog.utdallas.edu/now/graduate/programs/atec/arts-technology-and-emerging-communication-mfa,"courses/Master of Fine Arts in Arts, Technology, and Emerging Communication.csv"
https://www.utdallas.edu/fact-sheets/atec/phd-atec/,atec,"Doctor of Philosophy in Arts, Technology, and Emerging Communication",https://catalog.utdallas.edu/now/graduate/programs/atec/arts-technology-and-emerging-communication-ma#doctor-of-philosophy-in-arts-and-technology,"courses/Doctor of Philosophy in Arts, Technology, and Emerging Communication.csv"
https://www.utdallas.edu/fact-sheets/bbs/aud/,bbs,Doctor of Audiology,http://catalog.utdallas.edu/now/graduate/programs/bbs/audiology#audiology-aud,courses/Doctor of Audiology.csv
https://www.utdallas.edu/fact-sheets/nsm/ms-bioinformatics/,nsm,Master of Science in Bioinformatics and Computational Biology,https://catalog.utdallas.edu/now/graduate/programs/nsm/biological-sciences#master-of-science-in-bioinformatics-and-computational-biology,courses/Master of Science in Bioinformatics and Computational Biology.csv
https://www.utdallas.edu/fact-sheets/ecs/ms-biomedical-engineering/,ecs,Master of Science in Biomedical Engineering,http://catalog.utdallas.edu/now/graduate/programs/ecs/biomedical-engineering#biomedical-engineering-ms,courses/Master of Science in Biomedical Engineering.csv
https://www.utdallas.edu/fact-sheets/nsm/ms-biotechnology/,nsm,Master of Science in Biotechnology,https://catalog.utdallas.edu/now/graduate/programs/nsm/biological-sciences#biotechnology-ms,courses/Master of Science in Biotechnology.csv
https://www.utdallas.edu/fact-sheets/jsom/ms-business-analytics/,jsom,Master of Science in Business Analytics,http://catalog.utdallas.edu/now/graduate/programs/jsom/business-analytics,courses/Master of Science in Business Analytics.csv
https://www.utdallas.edu/fact-sheets/nsm/ms-chemistry/,nsm,Master of Science in Chemistry,https://catalog.utdallas.edu/now/graduate/programs/nsm/chemistry-and-biochemistry#master-of-science-in-chemistry,courses/Master of Science in Chemistry.csv
https://www.utdallas.edu/fact-sheets/nsm/phd-chemistry/,nsm,Doctor of Philosophy in Chemistry,https://catalog.utdallas.edu/now/graduate/programs/nsm/chemistry-and-biochemistry#doctor-of-philosophy-in-chemistry,courses/Doctor of Philosophy in Chemistry.csv
https://www.utdallas.edu/fact-sheets/bbs/phd-cognition-and-neuroscience/,bbs,Doctor of Philosophy in Cognition and Neuroscience,http://catalog.utdallas.edu/now/graduate/programs/bbs/doctoral-programs#cognition-and-neuroscience-phd,courses/Doctor of Philosophy in Cognition and Neuroscience.csv
https://www.utdallas.edu/fact-sheets/bbs/ms-communication-disorders/,bbs,Master of Science in Speech-Language Pathology,https://catalog.utdallas.edu/2020/graduate/programs/bbs,courses/Master of Science in Speech-Language Pathology.csv
https://www.utdallas.edu/fact-sheets/bbs/phd-communication-sciences-and-disorders/,bbs,"Doctor of Philosophy in Speech, Language, And Hearing Sciences",https://catalog.utdallas.edu/now/graduate/programs/bbs/doctoral-programs,"courses/Doctor of Philosophy in Speech, Language, And Hearing Sciences.csv"
https://www.utdallas.edu/fact-sheets/ecs/ms-computer-engineering/,ecs,Master of Science in Computer Engineering,http://catalog.utdallas.edu/now/graduate/programs/ecs/computer-engineering#computer-engineering-ms,courses/Master of Science in Computer Engineering.csv
https://www.utdallas.edu/fact-sheets/ecs/phd-computer-engineering/,ecs,Doctor of Philosophy in Computer Engineering,https://catalog.utdallas.edu/now/graduate/programs/ecs/computer-engineering,courses/Doctor of Philosophy in Computer Engineering.csv
https://www.utdallas.edu/fact-sheets/ecs/ms-computer-science/,ecs,Master of Science in Computer Science,http://catalog.utdallas.edu/now/graduate/programs/ecs/computer-science#computer-science-ms,courses/Master of Science in Computer Science.csv
https://www.utdallas.edu/fact-sheets/ecs/phd-computer-science/,ecs,Doctor of Philosophy in Computer Science,https://catalog.utdallas.edu/now/graduate/programs/ecs/computer-science,courses/Doctor of Philosophy in Computer Science.csv
https://www.utdallas.edu/fact-sheets/epps/ms-criminology/,epps,Master of Science in Criminology,https://catalog.utdallas.edu/now/graduate/programs/epps/criminology#criminology-ms,courses/Master of Science in Criminology.csv
https://www.utdallas.edu/fact-sheets/epps/phd-criminology/,epps,Doctor of Philosophy in Criminology,https://catalog.utdallas.edu/now/graduate/programs/epps/criminology#criminology-phd,courses/Doctor of Philosophy in Criminology.csv
https://www.utdallas.edu/fact-sheets/epps/ms-economics/,epps,Master of Science in Economics,https://catalog.utdallas.edu/now/graduate/programs/epps/economics#economics-ms,courses/Master of Science in Economics.csv
https://www.utdallas.edu/fact-sheets/epps/phd-economics/,epps,Doctor of Philosophy in Economics,https://catalog.utdallas.edu/now/graduate/programs/epps/economics#economics-phd,courses/Doctor of Philosophy in Economics.csv
https://www.utdallas.edu/fact-sheets/ecs/ms-electrical-engineering/,ecs,Master of Science in Electrical Engineering,http://catalog.utdallas.edu/now/graduate/programs/ecs/electrical-engineering#electrical-engineering-ms,courses/Master of Science in Electrical Engineering.csv
https://www.utdallas.edu/fact-sheets/ecs/phd-electrical-engineering/,ecs,Doctor of Philosophy in Electrical Engineering,https://catalog.utdallas.edu/now/graduate/programs/ecs/electrical-engineering,courses/Doctor of Philosophy in Electrical Engineering.csv
https://www.utdallas.edu/fact-sheets/jsom/ms-financial-technology-analytics/,jsom,Master of Science in Financial Technology and Analytics,https://catalog.utdallas.edu/now/graduate/programs/jsom/financial-technology-and-analytics,courses/Master of Science in Financial Technology and Analytics.csv
https://www.utdallas.edu/fact-sheets/nsm/ms-geosciences/,nsm,Master of Science in Geosciences,https://catalog.utdallas.edu/now/graduate/programs/nsm/geosciences#geosciences-ms,courses/Master of Science in Geosciences.csv
https://www.utdallas.edu/fact-sheets/nsm/phd-geosciences/,nsm,Doctor of Philosophy in Geosciences,https://catalog.utdallas.edu/now/graduate/programs/nsm/geosciences#geosciences-phd,courses/Doctor of Philosophy in Geosciences.csv
https://www.utdallas.edu/fact-sheets/epps/ms-geospatial-information-sciences/,epps,Master of Science in Geospatial Information Sciences,https://catalog.utdallas.edu/now/graduate/programs/epps/geospatial-information-science#master-of-science-in-geospatial-information-sciences,courses/Master of Science in Geospatial Information Sciences.csv
https://www.utdallas.edu/fact-sheets/epps/phd-geospatial-information-sciences/,epps,Doctor of Philosophy in Geospatial Information Sciences,https://catalog.utdallas.edu/now/graduate/programs/epps/geospatial-information-science#geospatial-information-science-phd,courses/Doctor of Philosophy in Geospatial Information Sciences.csv
https://www.utdallas.edu/fact-sheets/jsom/ms-healthcare-leadership-and-management/,jsom,Master of Science in Healthcare Leadership and Management,http://catalog.utdallas.edu/now/graduate/programs/jsom/healthcare-management,courses/Master of Science in Healthcare Leadership and Management.csv
https://www.utdallas.edu/fact-sheets/ah/ma-history/,ah,Master of Arts in History,https://catalog.utdallas.edu/now/graduate/programs/ah/history,courses/Master of Arts in History.csv
https://www.utdallas.edu/fact-sheets/ah/ma-history-of-ideas/,ah,Master of Arts in History of Ideas,https://catalog.utdallas.edu/2021/graduate/programs/ah/history-of-ideas#overview,courses/Master of Arts in History of Ideas.csv
https://www.utdallas.edu/fact-sheets/ah/phd-history-of-ideas/,ah,Doctor of Philosophy in History of Ideas,https://catalog.utdallas.edu/now/graduate/programs/ah/humanities#humanities-phd,courses/Doctor of Philosophy in History of Ideas.csv
https://www.utdallas.edu/fact-sheets/bbs/ms-human-development-and-early-childhood-disorders/,bbs,Master of Science in Human Development and Early Childhood Disorders,https://catalog.utdallas.edu/now/graduate/programs/bbs/human-development-and-early-childhood-disorders,courses/Master of Science in Human Development and Early Childhood Disorders.csv
https://www.utdallas.edu/fact-sheets/ah/ma-humanities/,ah,Master of Arts in Humanities,https://catalog.utdallas.edu/now/graduate/programs/ah/humanities#humanities-ma,courses/Master of Arts in Humanities.csv
https://www.utdallas.edu/fact-sheets/ah/phd-humanities/,ah,Doctor of Philosophy in Humanities,https://catalog.utdallas.edu/now/graduate/programs/ah/humanities#humanities-phd,courses/Doctor of Philosophy in Humanities.csv
https://www.utdallas.edu/fact-sheets/jsom/ms-information-technology-and-management/,jsom,Master of Science in Information Technology and Management,http://catalog.utdallas.edu/now/graduate/programs/jsom/information-technology-management,courses/Master of Science in Information Technology and Management.csv
https://www.utdallas.edu/fact-sheets/jsom/ms-innovation-and-entrepreneurship/,jsom,Master of Science in Innovation and Entrepreneurship,http://catalog.utdallas.edu/now/graduate/programs/jsom/innovation-entrepreneurship,courses/Master of Science in Innovation and Entrepreneurship.csv
https://www.utdallas.edu/fact-sheets/is/ma-interdisciplinary-studies/,is,Master of Arts in Interdisciplinary Studies,http://catalog.utdallas.edu/now/graduate/programs/is,courses/Master of Arts in Interdisciplinary Studies.csv
https://www.utdallas.edu/fact-sheets/jsom/ms-international-management-studies/,jsom,Master of Science in International Management Studies,http://catalog.utdallas.edu/now/graduate/programs/jsom/international-management-studies,courses/Master of Science in International Management Studies.csv
https://www.utdallas.edu/fact-sheets/jsom/phd-international-management-studies/,jsom,Doctor of Philosophy in International Management Studies,http://catalog.utdallas.edu/now/graduate/programs/jsom/phd#international-management-studies-phd,courses/Doctor of Philosophy in International Management Studies.csv
https://www.utdallas.edu/fact-sheets/epps/ms-international-political-economy/,epps,Master of Science in International Political Economy,https://catalog.utdallas.edu/now/graduate/programs/epps/public-policy-and-political-economy#master-of-science-in-international-political-economy,courses/Master of Science in International Political Economy.csv
https://www.utdallas.edu/fact-sheets/ah/ma-latin-american-studies/,ah,Master of Arts in Latin American Studies,https://catalog.utdallas.edu/now/graduate/programs/ah/latin-american-studies,courses/Master of Arts in Latin American Studies.csv
https://www.utdallas.edu/fact-sheets/ah/ma-literature/,ah,Master of Arts in Literature,https://catalog.utdallas.edu/now/graduate/programs/ah/humanities#overview,courses/Master of Arts in Literature.csv
https://www.utdallas.edu/fact-sheets/ah/phd-literature/,ah,Doctor of Philosophy in Literature,https://catalog.utdallas.edu/now/graduate/programs/ah/humanities#humanities-phd,courses/Doctor of Philosophy in Literature.csv
https://www.utdallas.edu/fact-sheets/jsom/ms-management-science/,jsom,Master of Science in Management Science,https://catalog.utdallas.edu/now/graduate/programs/jsom/management-science,courses/Master of Science in Management Science.csv
https://www.utdallas.edu/fact-sheets/jsom/phd-management-science/,jsom,Doctor of Philosophy in Management Science,http://catalog.utdallas.edu/now/graduate/programs/jsom/phd#management-science-phd,courses/Doctor of Philosophy in Management Science.csv
https://www.utdallas.edu/fact-sheets/jsom/ms-marketing/,jsom,Master of Science in Marketing,http://catalog.utdallas.edu/now/graduate/programs/jsom/marketing,courses/Master of Science in Marketing.csv
https://www.utdallas.edu/fact-sheets/jsom/mba/,jsom,Master of Business Administration,http://catalog.utdallas.edu/now/graduate/programs/jsom/business-administration,courses/Master of Business Administration.csv
https://www.utdallas.edu/fact-sheets/ecs/ms-materials-science-and-engineering/,ecs,Master of Science in Materials Science and Engineering,https://catalog.utdallas.edu/now/graduate/programs/ecs/materials-science#master-of-science-in-materials-science-and-engineering,courses/Master of Science in Materials Science and Engineering.csv
https://www.utdallas.edu/fact-sheets/ecs/phd-materials-science-and-engineering/,ecs,Doctor of Philosophy in Materials Science and Engineering,https://catalog.utdallas.edu/now/graduate/programs/ecs/materials-science,courses/Doctor of Philosophy in Materials Science and Engineering.csv
https://www.utdallas.edu/fact-sheets/nsm/ms-mathematics/,nsm,Master of Science in Mathematics,https://catalog.utdallas.edu/now/graduate/programs/nsm/mathematics#master-of-science-in-mathematics,courses/Master of Science in Mathematics.csv
https://www.utdallas.edu/fact-sheets/nsm/phd-mathematics/,nsm,Doctor of Philosophy in Mathematics,https://catalog.utdallas.edu/2018/graduate/programs/nsm/mathematics#doctor-of-philosophy-in-mathematics,courses/Doctor of Philosophy in Mathematics.csv
https://www.utdallas.edu/fact-sheets/nsm/mat/,nsm,Master of Arts in Teaching in Mathematics Education,https://catalog.utdallas.edu/now/graduate/programs/nsm/science-and-mathematics-education,courses/Master of Arts in Teaching in Mathematics Education.csv
https://www.utdallas.edu/fact-sheets/ecs/ms-mechanical-engineering/,ecs,Master of Science in Mechanical Engineering,https://catalog.utdallas.edu/now/graduate/programs/ecs/mechanical-engineering#master-of-science-in-mechanical-engineering,courses/Master of Science in Mechanical Engineering.csv
https://www.utdallas.edu/fact-sheets/ecs/phd-mechanical-engineering/,ecs,Doctor of Philosophy in Mechanical Engineering,https://catalog.utdallas.edu/2018/graduate/programs/ecs/mechanical-engineering#doctor-of-philosophy-in-mechanical-engineering,courses/Doctor of Philosophy in Mechanical Engineering.csv
https://www.utdallas.edu/fact-sheets/nsm/ms-molecular-and-cell-biology/,nsm,Master of Science in Molecular and Cell Biology,https://catalog.utdallas.edu/now/graduate/programs/nsm/biological-sciences#master-of-science-in-molecular-and-cell-biology,courses/Master of Science in Molecular and Cell Biology.csv
https://www.utdallas.edu/fact-sheets/nsm/phd-molecular-and-cell-biology/,nsm,Doctor of Philosophy in Molecular and Cell Biology,https://catalog.utdallas.edu/now/graduate/programs/nsm/biological-sciences#molecular-and-cell-biology-phd,courses/Doctor of Philosophy in Molecular and Cell Biology.csv
https://www.utdallas.edu/fact-sheets/nsm/ms-physics/,nsm,Master of Science in Physics,https://catalog.utdallas.edu/now/graduate/programs/nsm/physics#master-of-science-in-physics,courses/Master of Science in Physics.csv
https://www.utdallas.edu/fact-sheets/nsm/phd-physics/,nsm,Doctor of Philosophy in Physics,https://catalog.utdallas.edu/now/graduate/programs/nsm/physics#doctor-of-philosophy-in-physics,courses/Doctor of Philosophy in Physics.csv
https://www.utdallas.edu/fact-sheets/epps/ma-political-science/,epps,Master of Arts in Political Science,https://catalog.utdallas.edu/now/graduate/programs/epps/political-science#master-of-arts-in-political-science,courses/Master of Arts in Political Science.csv
https://www.utdallas.edu/fact-sheets/epps/phd-political-science/,epps,Doctor of Philosophy in Political Science,https://catalog.utdallas.edu/now/graduate/programs/epps/political-science#doctor-of-philosophy-in-political-science,courses/Doctor of Philosophy in Political Science.csv
https://www.utdallas.edu/fact-sheets/bbs/ms-psychology/,bbs,Master of Science in Psychology,https://catalog.utdallas.edu/now/graduate/programs/bbs/psychology,courses/Master of Science in Psychology.csv
https://www.utdallas.edu/fact-sheets/bbs/phd-psychology/,bbs,Doctor of Philosophy in Psychology,http://catalog.utdallas.edu/now/graduate/programs/bbs/doctoral-programs,courses/Doctor of Philosophy in Psychology.csv
https://www.utdallas.edu/fact-sheets/epps/mpa/,epps,Master of Public Affairs,https://catalog.utdallas.edu/now/graduate/programs/epps/public-affairs#master-of-public-affairs,courses/Master of Public Affairs.csv
https://www.utdallas.edu/fact-sheets/epps/phd-public-affairs/,epps,Doctor of Philosophy in Public Affairs,https://catalog.utdallas.edu/now/graduate/programs/epps/public-affairs#public-affairs-phd,courses/Doctor of Philosophy in Public Affairs.csv
https://www.utdallas.edu/fact-sheets/epps/mpp/,epps,Master of Public Policy,https://catalog.utdallas.edu/now/graduate/programs/epps/public-policy-and-political-economy#master-of-public-policy,courses/Master of Public Policy.csv
https://www.utdallas.edu/fact-sheets/epps/phd-public-policy-and-political-economy/,epps,Doctor of Philosophy in Public Policy and Political Economy,https://catalog.utdallas.edu/now/graduate/programs/epps/public-policy-and-political-economy#doctor-of-philosophy-in-public-policy-and-political-economy,courses/Doctor of Philosophy in Public Policy and Political Economy.csv
https://www.utdallas.edu/fact-sheets/nsm/mat-science-education/,nsm,Master of Arts in Teaching in Science Education,https://catalog.utdallas.edu/now/graduate/programs/nsm/science-and-mathematics-education,courses/Master of Arts in Teaching in Science Education.csv
https://www.utdallas.edu/fact-sheets/epps/ms-social-data-analytics-and-research/,epps,Master of Science in Social Data Analytics and Research,https://catalog.utdallas.edu/now/graduate/programs/epps/social-data-analytics-and-research,courses/Master of Science in Social Data Analytics and Research.csv
https://www.utdallas.edu/fact-sheets/ecs/ms-software-engineering/,ecs,Executive Master of Science in Software Engineering,https://catalog.utdallas.edu/2018/graduate/programs/ecs/software-engineering#master-of-science-in-software-engineering,courses/Executive Master of Science in Software Engineering.csv
https://www.utdallas.edu/fact-sheets/ecs/phd-software-engineering/,ecs,Doctor of Philosophy in Software Engineering,https://catalog.utdallas.edu/2018/graduate/programs/ecs/software-engineering,courses/Doctor of Philosophy in Software Engineering.csv
https://www.utdallas.edu/fact-sheets/nsm/ms-statistics/,nsm,Master of Science in Statistics,https://catalog.utdallas.edu/now/graduate/programs/nsm/mathematics#master-of-science-in-statistics,courses/Master of Science in Statistics.csv
https://www.utdallas.edu/fact-sheets/nsm/phd-statistics/,nsm,Doctor of Philosophy in Statistics,https://catalog.utdallas.edu/now/graduate/programs/nsm/mathematics#doctor-of-philosophy-in-statistics,courses/Doctor of Philosophy in Statistics.csv
https://www.utdallas.edu/fact-sheets/jsom/ms-supply-chain-management/,jsom,Master of Science in Supply Chain Management,http://catalog.utdallas.edu/now/graduate/programs/jsom/supply-chain-management,courses/Master of Science in Supply Chain Management.csv
https://www.utdallas.edu/fact-sheets/ecs/ms-systems-engineering-and-management/,ecs,Master of Science in Systems Engineering and Management,https://catalog.utdallas.edu/now/graduate/programs/jsom/systems-engineering-and-management/ms-sem,courses/Master of Science in Systems Engineering and Management.csv
https://www.utdallas.edu/fact-sheets/ecs/ms-telecommunications-engineering/,ecs,Master of Science in Telecommunications Engineering,http://catalog.utdallas.edu/now/graduate/programs/ecs/telecom-engineering#telecom-engineering-ms,courses/Master of Science in Telecommunications Engineering.csv
https://www.utdallas.edu/fact-sheets/epps/ms-cyber-security-technology-and-policy/,epps,"Master of Science in Cyber Security, Technology and Policy",https://catalog.utdallas.edu/now/graduate/programs/epps/public-policy-and-political-economy#master-of-science-in-cyber-security-technology-and-policy,"courses/Master of Science in Cyber Security, Technology and Policy.csv"
https://www.utdallas.edu/fact-sheets/epps/ba-bs-economics/,epps,Bachelor of Arts / Bachelor of Science in Economics,https://catalog.utdallas.edu/now/undergraduate/programs/epps/economics,courses/Bachelor of Arts / Bachelor of Science in Economics.csv
https://www.utdallas.edu/fact-sheets/epps/ba-criminology/,epps,Bachelor of Arts in Criminology,https://catalog.utdallas.edu/now/undergraduate/programs/epps/criminology,courses/Bachelor of Arts in Criminology.csv
https://www.utdallas.edu/fact-sheets/ecs/phd-biomedical-engineering/,ecs,Doctor of Philosophy in Biomedical Engineering,http://catalog.utdallas.edu/now/graduate/programs/ecs/biomedical-engineering#biomedical-engineering-phd,courses/Doctor of Philosophy in Biomedical Engineering.csv
https://www.utdallas.edu/fact-sheets/ecs/master-of-science-in-cyber-security-technology-and-policy/,ecs,"Master of Science in Cyber Security, Technology and Policy",https://catalog.utdallas.edu/now/graduate/programs/epps/public-policy-and-political-economy#master-of-science-in-cyber-security-technology-and-policy,"courses/Master of Science in Cyber Security, Technology and Policy.csv"
https://www.utdallas.edu/fact-sheets/jsom/master-of-science-in-systems-engineering-and-management/,jsom,Master of Science in Systems Engineering and Management,https://catalog.utdallas.edu/now/graduate/programs/jsom/systems-engineering-and-management/ms-sem,courses/Master of Science in Systems Engineering and Management.csv
https://www.utdallas.edu/fact-sheets/jsom/bachelor-of-science-in-accounting/,jsom,Bachelor of Science in Accounting,,courses/Bachelor of Science in Accounting.csv
https://www.utdallas.edu/fact-sheets/ecs/bs-computer-engineering/,ecs,Bachelor of Science in Computer Engineering,https://catalog.utdallas.edu/now/undergraduate/programs/ecs/computer-engineering,courses/Bachelor of Science in Computer Engineering.csv
https://www.utdallas.edu/fact-sheets/nsm/ba-bs-biology/,nsm,Bachelor of Arts / Bachelor of Science in Biology,https://catalog.utdallas.edu/now/undergraduate/programs/nsm/biology,courses/Bachelor of Arts / Bachelor of Science in Biology.csv
https://www.utdallas.edu/fact-sheets/ecs/phd-telecommunications-engineering/,ecs,Doctor of Philosophy in Telecommunications Engineering,https://catalog.utdallas.edu/now/graduate/programs/ecs/telecom-engineering,courses/Doctor of Philosophy in Telecommunications Engineering.csv
https://www.utdallas.edu/fact-sheets/ah/ma-visual-and-performing-arts/,ah,Master of Arts in Visual and Performing Arts,https://catalog.utdallas.edu/now/graduate/programs/ah/humanities#overview,courses/Master of Arts in Visual and Performing Arts.csv
https://www.utdallas.edu/fact-sheets/ah/phd-visual-and-performing-arts/,ah,Doctor of Philosophy in Visual and Performing Arts,https://catalog.utdallas.edu/now/graduate/programs/ah/humanities#humanities-phd,courses/Doctor of Philosophy in Visual and Performing Arts.csv
https://www.utdallas.edu/fact-sheets/jsom/master-of-science-in-leadership-and-organizational-development/,jsom,Master of Science in Leadership and Organizational Development,https://obcc.utdallas.edu/ms-leadership-and-organizational-development/,courses/Master of Science in Leadership and Organizational Development.csv
https://www.utdallas.edu/fact-sheets/jsom/bs-in-business-analytics/,jsom,Bachelor of Science in Business Analytics,https://catalog.utdallas.edu/2021/undergraduate/programs/jsom/business-analytics,courses/Bachelor of Science in Business Analytics.csv
https://www.utdallas.edu/fact-sheets/is/ba-bs-in-education/,is,School of Interdisciplinary Studies,https://catalog.utdallas.edu/2021/undergraduate/programs/is/education/,courses/School of Interdisciplinary Studies.csv
